{"name":"E-Wallet","classpathEntries":[{"kind":"binary","path":"C:\\Program Files\\Java\\jdk1.8.0_181\\jre\\lib\\resources.jar","javadocContainerUrl":"https://docs.oracle.com/javase/1/docs/api/","isSystem":true,"isOwn":false,"isTest":false,"isJavaContent":false},{"kind":"binary","path":"C:\\Program Files\\Java\\jdk1.8.0_181\\jre\\lib\\rt.jar","javadocContainerUrl":"https://docs.oracle.com/javase/1/docs/api/","isSystem":true,"isOwn":false,"isTest":false,"isJavaContent":false},{"kind":"binary","path":"C:\\Program Files\\Java\\jdk1.8.0_181\\jre\\lib\\jsse.jar","javadocContainerUrl":"https://docs.oracle.com/javase/1/docs/api/","isSystem":true,"isOwn":false,"isTest":false,"isJavaContent":false},{"kind":"binary","path":"C:\\Program Files\\Java\\jdk1.8.0_181\\jre\\lib\\jce.jar","javadocContainerUrl":"https://docs.oracle.com/javase/1/docs/api/","isSystem":true,"isOwn":false,"isTest":false,"isJavaContent":false},{"kind":"binary","path":"C:\\Program Files\\Java\\jdk1.8.0_181\\jre\\lib\\charsets.jar","javadocContainerUrl":"https://docs.oracle.com/javase/1/docs/api/","isSystem":true,"isOwn":false,"isTest":false,"isJavaContent":false},{"kind":"binary","path":"C:\\Program Files\\Java\\jdk1.8.0_181\\jre\\lib\\jfr.jar","javadocContainerUrl":"https://docs.oracle.com/javase/1/docs/api/","isSystem":true,"isOwn":false,"isTest":false,"isJavaContent":false},{"kind":"binary","path":"C:\\Users\\msing137\\.m2\\repository\\org\\springframework\\boot\\spring-boot-starter-data-jpa\\2.1.8.RELEASE\\spring-boot-starter-data-jpa-2.1.8.RELEASE.jar","isSystem":false,"isOwn":false,"isTest":false,"isJavaContent":false},{"kind":"binary","path":"C:\\Users\\msing137\\.m2\\repository\\org\\springframework\\boot\\spring-boot-starter-aop\\2.1.8.RELEASE\\spring-boot-starter-aop-2.1.8.RELEASE.jar","isSystem":false,"isOwn":false,"isTest":false,"isJavaContent":false},{"kind":"binary","path":"C:\\Users\\msing137\\.m2\\repository\\org\\springframework\\spring-aop\\5.1.9.RELEASE\\spring-aop-5.1.9.RELEASE.jar","sourceContainerUrl":"file:/C:/Users/msing137/.m2/repository/org/springframework/spring-aop/5.1.9.RELEASE/spring-aop-5.1.9.RELEASE-sources.jar","javadocContainerUrl":"file:/C:/Users/msing137/.m2/repository/org/springframework/spring-aop/5.1.9.RELEASE/spring-aop-5.1.9.RELEASE-javadoc.jar","isSystem":false,"isOwn":false,"isTest":false,"isJavaContent":false},{"kind":"binary","path":"C:\\Users\\msing137\\.m2\\repository\\org\\aspectj\\aspectjweaver\\1.9.4\\aspectjweaver-1.9.4.jar","sourceContainerUrl":"file:/C:/Users/msing137/.m2/repository/org/aspectj/aspectjweaver/1.9.4/aspectjweaver-1.9.4-sources.jar","javadocContainerUrl":"file:/C:/Users/msing137/.m2/repository/org/aspectj/aspectjweaver/1.9.4/aspectjweaver-1.9.4-javadoc.jar","isSystem":false,"isOwn":false,"isTest":false,"isJavaContent":false},{"kind":"binary","path":"C:\\Users\\msing137\\.m2\\repository\\org\\springframework\\boot\\spring-boot-starter-jdbc\\2.1.8.RELEASE\\spring-boot-starter-jdbc-2.1.8.RELEASE.jar","isSystem":false,"isOwn":false,"isTest":false,"isJavaContent":false},{"kind":"binary","path":"C:\\Users\\msing137\\.m2\\repository\\com\\zaxxer\\HikariCP\\3.2.0\\HikariCP-3.2.0.jar","sourceContainerUrl":"file:/C:/Users/msing137/.m2/repository/com/zaxxer/HikariCP/3.2.0/HikariCP-3.2.0-sources.jar","javadocContainerUrl":"file:/C:/Users/msing137/.m2/repository/com/zaxxer/HikariCP/3.2.0/HikariCP-3.2.0-javadoc.jar","isSystem":false,"isOwn":false,"isTest":false,"isJavaContent":false},{"kind":"binary","path":"C:\\Users\\msing137\\.m2\\repository\\org\\springframework\\spring-jdbc\\5.1.9.RELEASE\\spring-jdbc-5.1.9.RELEASE.jar","sourceContainerUrl":"file:/C:/Users/msing137/.m2/repository/org/springframework/spring-jdbc/5.1.9.RELEASE/spring-jdbc-5.1.9.RELEASE-sources.jar","javadocContainerUrl":"file:/C:/Users/msing137/.m2/repository/org/springframework/spring-jdbc/5.1.9.RELEASE/spring-jdbc-5.1.9.RELEASE-javadoc.jar","isSystem":false,"isOwn":false,"isTest":false,"isJavaContent":false},{"kind":"binary","path":"C:\\Users\\msing137\\.m2\\repository\\javax\\transaction\\javax.transaction-api\\1.3\\javax.transaction-api-1.3.jar","sourceContainerUrl":"file:/C:/Users/msing137/.m2/repository/javax/transaction/javax.transaction-api/1.3/javax.transaction-api-1.3-sources.jar","javadocContainerUrl":"file:/C:/Users/msing137/.m2/repository/javax/transaction/javax.transaction-api/1.3/javax.transaction-api-1.3-javadoc.jar","isSystem":false,"isOwn":false,"isTest":false,"isJavaContent":false},{"kind":"binary","path":"C:\\Users\\msing137\\.m2\\repository\\javax\\xml\\bind\\jaxb-api\\2.3.1\\jaxb-api-2.3.1.jar","sourceContainerUrl":"file:/C:/Users/msing137/.m2/repository/javax/xml/bind/jaxb-api/2.3.1/jaxb-api-2.3.1-sources.jar","javadocContainerUrl":"file:/C:/Users/msing137/.m2/repository/javax/xml/bind/jaxb-api/2.3.1/jaxb-api-2.3.1-javadoc.jar","isSystem":false,"isOwn":false,"isTest":false,"isJavaContent":false},{"kind":"binary","path":"C:\\Users\\msing137\\.m2\\repository\\javax\\activation\\javax.activation-api\\1.2.0\\javax.activation-api-1.2.0.jar","sourceContainerUrl":"file:/C:/Users/msing137/.m2/repository/javax/activation/javax.activation-api/1.2.0/javax.activation-api-1.2.0-sources.jar","javadocContainerUrl":"file:/C:/Users/msing137/.m2/repository/javax/activation/javax.activation-api/1.2.0/javax.activation-api-1.2.0-javadoc.jar","isSystem":false,"isOwn":false,"isTest":false,"isJavaContent":false},{"kind":"binary","path":"C:\\Users\\msing137\\.m2\\repository\\org\\hibernate\\hibernate-core\\5.3.11.Final\\hibernate-core-5.3.11.Final.jar","sourceContainerUrl":"file:/C:/Users/msing137/.m2/repository/org/hibernate/hibernate-core/5.3.11.Final/hibernate-core-5.3.11.Final-sources.jar","javadocContainerUrl":"file:/C:/Users/msing137/.m2/repository/org/hibernate/hibernate-core/5.3.11.Final/hibernate-core-5.3.11.Final-javadoc.jar","isSystem":false,"isOwn":false,"isTest":false,"isJavaContent":false},{"kind":"binary","path":"C:\\Users\\msing137\\.m2\\repository\\org\\jboss\\logging\\jboss-logging\\3.3.3.Final\\jboss-logging-3.3.3.Final.jar","sourceContainerUrl":"file:/C:/Users/msing137/.m2/repository/org/jboss/logging/jboss-logging/3.3.3.Final/jboss-logging-3.3.3.Final-sources.jar","javadocContainerUrl":"file:/C:/Users/msing137/.m2/repository/org/jboss/logging/jboss-logging/3.3.3.Final/jboss-logging-3.3.3.Final-javadoc.jar","isSystem":false,"isOwn":false,"isTest":false,"isJavaContent":false},{"kind":"binary","path":"C:\\Users\\msing137\\.m2\\repository\\javax\\persistence\\javax.persistence-api\\2.2\\javax.persistence-api-2.2.jar","sourceContainerUrl":"file:/C:/Users/msing137/.m2/repository/javax/persistence/javax.persistence-api/2.2/javax.persistence-api-2.2-sources.jar","javadocContainerUrl":"file:/C:/Users/msing137/.m2/repository/javax/persistence/javax.persistence-api/2.2/javax.persistence-api-2.2-javadoc.jar","isSystem":false,"isOwn":false,"isTest":false,"isJavaContent":false},{"kind":"binary","path":"C:\\Users\\msing137\\.m2\\repository\\org\\javassist\\javassist\\3.23.2-GA\\javassist-3.23.2-GA.jar","sourceContainerUrl":"file:/C:/Users/msing137/.m2/repository/org/javassist/javassist/3.23.2-GA/javassist-3.23.2-GA-sources.jar","javadocContainerUrl":"file:/C:/Users/msing137/.m2/repository/org/javassist/javassist/3.23.2-GA/javassist-3.23.2-GA-javadoc.jar","isSystem":false,"isOwn":false,"isTest":false,"isJavaContent":false},{"kind":"binary","path":"C:\\Users\\msing137\\.m2\\repository\\net\\bytebuddy\\byte-buddy\\1.9.16\\byte-buddy-1.9.16.jar","sourceContainerUrl":"file:/C:/Users/msing137/.m2/repository/net/bytebuddy/byte-buddy/1.9.16/byte-buddy-1.9.16-sources.jar","javadocContainerUrl":"file:/C:/Users/msing137/.m2/repository/net/bytebuddy/byte-buddy/1.9.16/byte-buddy-1.9.16-javadoc.jar","isSystem":false,"isOwn":false,"isTest":false,"isJavaContent":false},{"kind":"binary","path":"C:\\Users\\msing137\\.m2\\repository\\antlr\\antlr\\2.7.7\\antlr-2.7.7.jar","isSystem":false,"isOwn":false,"isTest":false,"isJavaContent":false},{"kind":"binary","path":"C:\\Users\\msing137\\.m2\\repository\\org\\jboss\\jandex\\2.0.5.Final\\jandex-2.0.5.Final.jar","sourceContainerUrl":"file:/C:/Users/msing137/.m2/repository/org/jboss/jandex/2.0.5.Final/jandex-2.0.5.Final-sources.jar","isSystem":false,"isOwn":false,"isTest":false,"isJavaContent":false},{"kind":"binary","path":"C:\\Users\\msing137\\.m2\\repository\\com\\fasterxml\\classmate\\1.4.0\\classmate-1.4.0.jar","sourceContainerUrl":"file:/C:/Users/msing137/.m2/repository/com/fasterxml/classmate/1.4.0/classmate-1.4.0-sources.jar","javadocContainerUrl":"file:/C:/Users/msing137/.m2/repository/com/fasterxml/classmate/1.4.0/classmate-1.4.0-javadoc.jar","isSystem":false,"isOwn":false,"isTest":false,"isJavaContent":false},{"kind":"binary","path":"C:\\Users\\msing137\\.m2\\repository\\org\\dom4j\\dom4j\\2.1.1\\dom4j-2.1.1.jar","sourceContainerUrl":"file:/C:/Users/msing137/.m2/repository/org/dom4j/dom4j/2.1.1/dom4j-2.1.1-sources.jar","javadocContainerUrl":"file:/C:/Users/msing137/.m2/repository/org/dom4j/dom4j/2.1.1/dom4j-2.1.1-javadoc.jar","isSystem":false,"isOwn":false,"isTest":false,"isJavaContent":false},{"kind":"binary","path":"C:\\Users\\msing137\\.m2\\repository\\org\\hibernate\\common\\hibernate-commons-annotations\\5.0.4.Final\\hibernate-commons-annotations-5.0.4.Final.jar","sourceContainerUrl":"file:/C:/Users/msing137/.m2/repository/org/hibernate/common/hibernate-commons-annotations/5.0.4.Final/hibernate-commons-annotations-5.0.4.Final-sources.jar","isSystem":false,"isOwn":false,"isTest":false,"isJavaContent":false},{"kind":"binary","path":"C:\\Users\\msing137\\.m2\\repository\\org\\springframework\\data\\spring-data-jpa\\2.1.10.RELEASE\\spring-data-jpa-2.1.10.RELEASE.jar","sourceContainerUrl":"file:/C:/Users/msing137/.m2/repository/org/springframework/data/spring-data-jpa/2.1.10.RELEASE/spring-data-jpa-2.1.10.RELEASE-sources.jar","javadocContainerUrl":"file:/C:/Users/msing137/.m2/repository/org/springframework/data/spring-data-jpa/2.1.10.RELEASE/spring-data-jpa-2.1.10.RELEASE-javadoc.jar","isSystem":false,"isOwn":false,"isTest":false,"isJavaContent":false},{"kind":"binary","path":"C:\\Users\\msing137\\.m2\\repository\\org\\springframework\\data\\spring-data-commons\\2.1.10.RELEASE\\spring-data-commons-2.1.10.RELEASE.jar","sourceContainerUrl":"file:/C:/Users/msing137/.m2/repository/org/springframework/data/spring-data-commons/2.1.10.RELEASE/spring-data-commons-2.1.10.RELEASE-sources.jar","javadocContainerUrl":"file:/C:/Users/msing137/.m2/repository/org/springframework/data/spring-data-commons/2.1.10.RELEASE/spring-data-commons-2.1.10.RELEASE-javadoc.jar","isSystem":false,"isOwn":false,"isTest":false,"isJavaContent":false},{"kind":"binary","path":"C:\\Users\\msing137\\.m2\\repository\\org\\springframework\\spring-orm\\5.1.9.RELEASE\\spring-orm-5.1.9.RELEASE.jar","sourceContainerUrl":"file:/C:/Users/msing137/.m2/repository/org/springframework/spring-orm/5.1.9.RELEASE/spring-orm-5.1.9.RELEASE-sources.jar","javadocContainerUrl":"file:/C:/Users/msing137/.m2/repository/org/springframework/spring-orm/5.1.9.RELEASE/spring-orm-5.1.9.RELEASE-javadoc.jar","isSystem":false,"isOwn":false,"isTest":false,"isJavaContent":false},{"kind":"binary","path":"C:\\Users\\msing137\\.m2\\repository\\org\\springframework\\spring-context\\5.1.9.RELEASE\\spring-context-5.1.9.RELEASE.jar","sourceContainerUrl":"file:/C:/Users/msing137/.m2/repository/org/springframework/spring-context/5.1.9.RELEASE/spring-context-5.1.9.RELEASE-sources.jar","javadocContainerUrl":"file:/C:/Users/msing137/.m2/repository/org/springframework/spring-context/5.1.9.RELEASE/spring-context-5.1.9.RELEASE-javadoc.jar","isSystem":false,"isOwn":false,"isTest":false,"isJavaContent":false},{"kind":"binary","path":"C:\\Users\\msing137\\.m2\\repository\\org\\springframework\\spring-tx\\5.1.9.RELEASE\\spring-tx-5.1.9.RELEASE.jar","sourceContainerUrl":"file:/C:/Users/msing137/.m2/repository/org/springframework/spring-tx/5.1.9.RELEASE/spring-tx-5.1.9.RELEASE-sources.jar","javadocContainerUrl":"file:/C:/Users/msing137/.m2/repository/org/springframework/spring-tx/5.1.9.RELEASE/spring-tx-5.1.9.RELEASE-javadoc.jar","isSystem":false,"isOwn":false,"isTest":false,"isJavaContent":false},{"kind":"binary","path":"C:\\Users\\msing137\\.m2\\repository\\org\\springframework\\spring-beans\\5.1.9.RELEASE\\spring-beans-5.1.9.RELEASE.jar","sourceContainerUrl":"file:/C:/Users/msing137/.m2/repository/org/springframework/spring-beans/5.1.9.RELEASE/spring-beans-5.1.9.RELEASE-sources.jar","javadocContainerUrl":"file:/C:/Users/msing137/.m2/repository/org/springframework/spring-beans/5.1.9.RELEASE/spring-beans-5.1.9.RELEASE-javadoc.jar","isSystem":false,"isOwn":false,"isTest":false,"isJavaContent":false},{"kind":"binary","path":"C:\\Users\\msing137\\.m2\\repository\\org\\slf4j\\slf4j-api\\1.7.28\\slf4j-api-1.7.28.jar","sourceContainerUrl":"file:/C:/Users/msing137/.m2/repository/org/slf4j/slf4j-api/1.7.28/slf4j-api-1.7.28-sources.jar","javadocContainerUrl":"file:/C:/Users/msing137/.m2/repository/org/slf4j/slf4j-api/1.7.28/slf4j-api-1.7.28-javadoc.jar","isSystem":false,"isOwn":false,"isTest":false,"isJavaContent":false},{"kind":"binary","path":"C:\\Users\\msing137\\.m2\\repository\\org\\springframework\\spring-aspects\\5.1.9.RELEASE\\spring-aspects-5.1.9.RELEASE.jar","sourceContainerUrl":"file:/C:/Users/msing137/.m2/repository/org/springframework/spring-aspects/5.1.9.RELEASE/spring-aspects-5.1.9.RELEASE-sources.jar","javadocContainerUrl":"file:/C:/Users/msing137/.m2/repository/org/springframework/spring-aspects/5.1.9.RELEASE/spring-aspects-5.1.9.RELEASE-javadoc.jar","isSystem":false,"isOwn":false,"isTest":false,"isJavaContent":false},{"kind":"binary","path":"C:\\Users\\msing137\\.m2\\repository\\org\\springframework\\boot\\spring-boot-starter-web\\2.1.8.RELEASE\\spring-boot-starter-web-2.1.8.RELEASE.jar","isSystem":false,"isOwn":false,"isTest":false,"isJavaContent":false},{"kind":"binary","path":"C:\\Users\\msing137\\.m2\\repository\\org\\springframework\\boot\\spring-boot-starter\\2.1.8.RELEASE\\spring-boot-starter-2.1.8.RELEASE.jar","isSystem":false,"isOwn":false,"isTest":false,"isJavaContent":false},{"kind":"binary","path":"C:\\Users\\msing137\\.m2\\repository\\org\\springframework\\boot\\spring-boot\\2.1.8.RELEASE\\spring-boot-2.1.8.RELEASE.jar","sourceContainerUrl":"file:/C:/Users/msing137/.m2/repository/org/springframework/boot/spring-boot/2.1.8.RELEASE/spring-boot-2.1.8.RELEASE-sources.jar","javadocContainerUrl":"file:/C:/Users/msing137/.m2/repository/org/springframework/boot/spring-boot/2.1.8.RELEASE/spring-boot-2.1.8.RELEASE-javadoc.jar","isSystem":false,"isOwn":false,"isTest":false,"isJavaContent":false},{"kind":"binary","path":"C:\\Users\\msing137\\.m2\\repository\\org\\springframework\\boot\\spring-boot-autoconfigure\\2.1.8.RELEASE\\spring-boot-autoconfigure-2.1.8.RELEASE.jar","sourceContainerUrl":"file:/C:/Users/msing137/.m2/repository/org/springframework/boot/spring-boot-autoconfigure/2.1.8.RELEASE/spring-boot-autoconfigure-2.1.8.RELEASE-sources.jar","javadocContainerUrl":"file:/C:/Users/msing137/.m2/repository/org/springframework/boot/spring-boot-autoconfigure/2.1.8.RELEASE/spring-boot-autoconfigure-2.1.8.RELEASE-javadoc.jar","isSystem":false,"isOwn":false,"isTest":false,"isJavaContent":false},{"kind":"binary","path":"C:\\Users\\msing137\\.m2\\repository\\org\\springframework\\boot\\spring-boot-starter-logging\\2.1.8.RELEASE\\spring-boot-starter-logging-2.1.8.RELEASE.jar","isSystem":false,"isOwn":false,"isTest":false,"isJavaContent":false},{"kind":"binary","path":"C:\\Users\\msing137\\.m2\\repository\\ch\\qos\\logback\\logback-classic\\1.2.3\\logback-classic-1.2.3.jar","sourceContainerUrl":"file:/C:/Users/msing137/.m2/repository/ch/qos/logback/logback-classic/1.2.3/logback-classic-1.2.3-sources.jar","javadocContainerUrl":"file:/C:/Users/msing137/.m2/repository/ch/qos/logback/logback-classic/1.2.3/logback-classic-1.2.3-javadoc.jar","isSystem":false,"isOwn":false,"isTest":false,"isJavaContent":false},{"kind":"binary","path":"C:\\Users\\msing137\\.m2\\repository\\ch\\qos\\logback\\logback-core\\1.2.3\\logback-core-1.2.3.jar","sourceContainerUrl":"file:/C:/Users/msing137/.m2/repository/ch/qos/logback/logback-core/1.2.3/logback-core-1.2.3-sources.jar","javadocContainerUrl":"file:/C:/Users/msing137/.m2/repository/ch/qos/logback/logback-core/1.2.3/logback-core-1.2.3-javadoc.jar","isSystem":false,"isOwn":false,"isTest":false,"isJavaContent":false},{"kind":"binary","path":"C:\\Users\\msing137\\.m2\\repository\\org\\apache\\logging\\log4j\\log4j-to-slf4j\\2.11.2\\log4j-to-slf4j-2.11.2.jar","sourceContainerUrl":"file:/C:/Users/msing137/.m2/repository/org/apache/logging/log4j/log4j-to-slf4j/2.11.2/log4j-to-slf4j-2.11.2-sources.jar","javadocContainerUrl":"file:/C:/Users/msing137/.m2/repository/org/apache/logging/log4j/log4j-to-slf4j/2.11.2/log4j-to-slf4j-2.11.2-javadoc.jar","isSystem":false,"isOwn":false,"isTest":false,"isJavaContent":false},{"kind":"binary","path":"C:\\Users\\msing137\\.m2\\repository\\org\\apache\\logging\\log4j\\log4j-api\\2.11.2\\log4j-api-2.11.2.jar","sourceContainerUrl":"file:/C:/Users/msing137/.m2/repository/org/apache/logging/log4j/log4j-api/2.11.2/log4j-api-2.11.2-sources.jar","javadocContainerUrl":"file:/C:/Users/msing137/.m2/repository/org/apache/logging/log4j/log4j-api/2.11.2/log4j-api-2.11.2-javadoc.jar","isSystem":false,"isOwn":false,"isTest":false,"isJavaContent":false},{"kind":"binary","path":"C:\\Users\\msing137\\.m2\\repository\\org\\slf4j\\jul-to-slf4j\\1.7.28\\jul-to-slf4j-1.7.28.jar","sourceContainerUrl":"file:/C:/Users/msing137/.m2/repository/org/slf4j/jul-to-slf4j/1.7.28/jul-to-slf4j-1.7.28-sources.jar","javadocContainerUrl":"file:/C:/Users/msing137/.m2/repository/org/slf4j/jul-to-slf4j/1.7.28/jul-to-slf4j-1.7.28-javadoc.jar","isSystem":false,"isOwn":false,"isTest":false,"isJavaContent":false},{"kind":"binary","path":"C:\\Users\\msing137\\.m2\\repository\\org\\yaml\\snakeyaml\\1.23\\snakeyaml-1.23.jar","sourceContainerUrl":"file:/C:/Users/msing137/.m2/repository/org/yaml/snakeyaml/1.23/snakeyaml-1.23-sources.jar","javadocContainerUrl":"file:/C:/Users/msing137/.m2/repository/org/yaml/snakeyaml/1.23/snakeyaml-1.23-javadoc.jar","isSystem":false,"isOwn":false,"isTest":false,"isJavaContent":false},{"kind":"binary","path":"C:\\Users\\msing137\\.m2\\repository\\org\\springframework\\boot\\spring-boot-starter-json\\2.1.8.RELEASE\\spring-boot-starter-json-2.1.8.RELEASE.jar","isSystem":false,"isOwn":false,"isTest":false,"isJavaContent":false},{"kind":"binary","path":"C:\\Users\\msing137\\.m2\\repository\\com\\fasterxml\\jackson\\core\\jackson-databind\\2.9.9.3\\jackson-databind-2.9.9.3.jar","sourceContainerUrl":"file:/C:/Users/msing137/.m2/repository/com/fasterxml/jackson/core/jackson-databind/2.9.9.3/jackson-databind-2.9.9.3-sources.jar","javadocContainerUrl":"file:/C:/Users/msing137/.m2/repository/com/fasterxml/jackson/core/jackson-databind/2.9.9.3/jackson-databind-2.9.9.3-javadoc.jar","isSystem":false,"isOwn":false,"isTest":false,"isJavaContent":false},{"kind":"binary","path":"C:\\Users\\msing137\\.m2\\repository\\com\\fasterxml\\jackson\\core\\jackson-annotations\\2.9.0\\jackson-annotations-2.9.0.jar","sourceContainerUrl":"file:/C:/Users/msing137/.m2/repository/com/fasterxml/jackson/core/jackson-annotations/2.9.0/jackson-annotations-2.9.0-sources.jar","javadocContainerUrl":"file:/C:/Users/msing137/.m2/repository/com/fasterxml/jackson/core/jackson-annotations/2.9.0/jackson-annotations-2.9.0-javadoc.jar","isSystem":false,"isOwn":false,"isTest":false,"isJavaContent":false},{"kind":"binary","path":"C:\\Users\\msing137\\.m2\\repository\\com\\fasterxml\\jackson\\core\\jackson-core\\2.9.9\\jackson-core-2.9.9.jar","sourceContainerUrl":"file:/C:/Users/msing137/.m2/repository/com/fasterxml/jackson/core/jackson-core/2.9.9/jackson-core-2.9.9-sources.jar","javadocContainerUrl":"file:/C:/Users/msing137/.m2/repository/com/fasterxml/jackson/core/jackson-core/2.9.9/jackson-core-2.9.9-javadoc.jar","isSystem":false,"isOwn":false,"isTest":false,"isJavaContent":false},{"kind":"binary","path":"C:\\Users\\msing137\\.m2\\repository\\com\\fasterxml\\jackson\\datatype\\jackson-datatype-jdk8\\2.9.9\\jackson-datatype-jdk8-2.9.9.jar","sourceContainerUrl":"file:/C:/Users/msing137/.m2/repository/com/fasterxml/jackson/datatype/jackson-datatype-jdk8/2.9.9/jackson-datatype-jdk8-2.9.9-sources.jar","javadocContainerUrl":"file:/C:/Users/msing137/.m2/repository/com/fasterxml/jackson/datatype/jackson-datatype-jdk8/2.9.9/jackson-datatype-jdk8-2.9.9-javadoc.jar","isSystem":false,"isOwn":false,"isTest":false,"isJavaContent":false},{"kind":"binary","path":"C:\\Users\\msing137\\.m2\\repository\\com\\fasterxml\\jackson\\datatype\\jackson-datatype-jsr310\\2.9.9\\jackson-datatype-jsr310-2.9.9.jar","sourceContainerUrl":"file:/C:/Users/msing137/.m2/repository/com/fasterxml/jackson/datatype/jackson-datatype-jsr310/2.9.9/jackson-datatype-jsr310-2.9.9-sources.jar","javadocContainerUrl":"file:/C:/Users/msing137/.m2/repository/com/fasterxml/jackson/datatype/jackson-datatype-jsr310/2.9.9/jackson-datatype-jsr310-2.9.9-javadoc.jar","isSystem":false,"isOwn":false,"isTest":false,"isJavaContent":false},{"kind":"binary","path":"C:\\Users\\msing137\\.m2\\repository\\com\\fasterxml\\jackson\\module\\jackson-module-parameter-names\\2.9.9\\jackson-module-parameter-names-2.9.9.jar","sourceContainerUrl":"file:/C:/Users/msing137/.m2/repository/com/fasterxml/jackson/module/jackson-module-parameter-names/2.9.9/jackson-module-parameter-names-2.9.9-sources.jar","javadocContainerUrl":"file:/C:/Users/msing137/.m2/repository/com/fasterxml/jackson/module/jackson-module-parameter-names/2.9.9/jackson-module-parameter-names-2.9.9-javadoc.jar","isSystem":false,"isOwn":false,"isTest":false,"isJavaContent":false},{"kind":"binary","path":"C:\\Users\\msing137\\.m2\\repository\\org\\hibernate\\validator\\hibernate-validator\\6.0.17.Final\\hibernate-validator-6.0.17.Final.jar","sourceContainerUrl":"file:/C:/Users/msing137/.m2/repository/org/hibernate/validator/hibernate-validator/6.0.17.Final/hibernate-validator-6.0.17.Final-sources.jar","isSystem":false,"isOwn":false,"isTest":false,"isJavaContent":false},{"kind":"binary","path":"C:\\Users\\msing137\\.m2\\repository\\javax\\validation\\validation-api\\2.0.1.Final\\validation-api-2.0.1.Final.jar","sourceContainerUrl":"file:/C:/Users/msing137/.m2/repository/javax/validation/validation-api/2.0.1.Final/validation-api-2.0.1.Final-sources.jar","javadocContainerUrl":"file:/C:/Users/msing137/.m2/repository/javax/validation/validation-api/2.0.1.Final/validation-api-2.0.1.Final-javadoc.jar","isSystem":false,"isOwn":false,"isTest":false,"isJavaContent":false},{"kind":"binary","path":"C:\\Users\\msing137\\.m2\\repository\\org\\springframework\\spring-web\\5.1.9.RELEASE\\spring-web-5.1.9.RELEASE.jar","sourceContainerUrl":"file:/C:/Users/msing137/.m2/repository/org/springframework/spring-web/5.1.9.RELEASE/spring-web-5.1.9.RELEASE-sources.jar","javadocContainerUrl":"file:/C:/Users/msing137/.m2/repository/org/springframework/spring-web/5.1.9.RELEASE/spring-web-5.1.9.RELEASE-javadoc.jar","isSystem":false,"isOwn":false,"isTest":false,"isJavaContent":false},{"kind":"binary","path":"C:\\Users\\msing137\\.m2\\repository\\org\\springframework\\spring-webmvc\\5.1.9.RELEASE\\spring-webmvc-5.1.9.RELEASE.jar","sourceContainerUrl":"file:/C:/Users/msing137/.m2/repository/org/springframework/spring-webmvc/5.1.9.RELEASE/spring-webmvc-5.1.9.RELEASE-sources.jar","javadocContainerUrl":"file:/C:/Users/msing137/.m2/repository/org/springframework/spring-webmvc/5.1.9.RELEASE/spring-webmvc-5.1.9.RELEASE-javadoc.jar","isSystem":false,"isOwn":false,"isTest":false,"isJavaContent":false},{"kind":"binary","path":"C:\\Users\\msing137\\.m2\\repository\\org\\springframework\\spring-expression\\5.1.9.RELEASE\\spring-expression-5.1.9.RELEASE.jar","sourceContainerUrl":"file:/C:/Users/msing137/.m2/repository/org/springframework/spring-expression/5.1.9.RELEASE/spring-expression-5.1.9.RELEASE-sources.jar","javadocContainerUrl":"file:/C:/Users/msing137/.m2/repository/org/springframework/spring-expression/5.1.9.RELEASE/spring-expression-5.1.9.RELEASE-javadoc.jar","isSystem":false,"isOwn":false,"isTest":false,"isJavaContent":false},{"kind":"binary","path":"C:\\Users\\msing137\\.m2\\repository\\org\\springframework\\boot\\spring-boot-starter-tomcat\\2.1.8.RELEASE\\spring-boot-starter-tomcat-2.1.8.RELEASE.jar","isSystem":false,"isOwn":false,"isTest":false,"isJavaContent":false},{"kind":"binary","path":"C:\\Users\\msing137\\.m2\\repository\\javax\\annotation\\javax.annotation-api\\1.3.2\\javax.annotation-api-1.3.2.jar","sourceContainerUrl":"file:/C:/Users/msing137/.m2/repository/javax/annotation/javax.annotation-api/1.3.2/javax.annotation-api-1.3.2-sources.jar","javadocContainerUrl":"file:/C:/Users/msing137/.m2/repository/javax/annotation/javax.annotation-api/1.3.2/javax.annotation-api-1.3.2-javadoc.jar","isSystem":false,"isOwn":false,"isTest":false,"isJavaContent":false},{"kind":"binary","path":"C:\\Users\\msing137\\.m2\\repository\\org\\apache\\tomcat\\embed\\tomcat-embed-core\\9.0.24\\tomcat-embed-core-9.0.24.jar","sourceContainerUrl":"file:/C:/Users/msing137/.m2/repository/org/apache/tomcat/embed/tomcat-embed-core/9.0.24/tomcat-embed-core-9.0.24-sources.jar","isSystem":false,"isOwn":false,"isTest":false,"isJavaContent":false},{"kind":"binary","path":"C:\\Users\\msing137\\.m2\\repository\\org\\apache\\tomcat\\embed\\tomcat-embed-el\\9.0.24\\tomcat-embed-el-9.0.24.jar","sourceContainerUrl":"file:/C:/Users/msing137/.m2/repository/org/apache/tomcat/embed/tomcat-embed-el/9.0.24/tomcat-embed-el-9.0.24-sources.jar","isSystem":false,"isOwn":false,"isTest":false,"isJavaContent":false},{"kind":"binary","path":"C:\\Users\\msing137\\.m2\\repository\\org\\apache\\tomcat\\embed\\tomcat-embed-websocket\\9.0.24\\tomcat-embed-websocket-9.0.24.jar","sourceContainerUrl":"file:/C:/Users/msing137/.m2/repository/org/apache/tomcat/embed/tomcat-embed-websocket/9.0.24/tomcat-embed-websocket-9.0.24-sources.jar","isSystem":false,"isOwn":false,"isTest":false,"isJavaContent":false},{"kind":"binary","path":"C:\\Users\\msing137\\.m2\\repository\\org\\springframework\\boot\\spring-boot-starter-test\\2.1.8.RELEASE\\spring-boot-starter-test-2.1.8.RELEASE.jar","isSystem":false,"isOwn":false,"isTest":false,"isJavaContent":false},{"kind":"binary","path":"C:\\Users\\msing137\\.m2\\repository\\org\\springframework\\boot\\spring-boot-test\\2.1.8.RELEASE\\spring-boot-test-2.1.8.RELEASE.jar","sourceContainerUrl":"file:/C:/Users/msing137/.m2/repository/org/springframework/boot/spring-boot-test/2.1.8.RELEASE/spring-boot-test-2.1.8.RELEASE-sources.jar","javadocContainerUrl":"file:/C:/Users/msing137/.m2/repository/org/springframework/boot/spring-boot-test/2.1.8.RELEASE/spring-boot-test-2.1.8.RELEASE-javadoc.jar","isSystem":false,"isOwn":false,"isTest":false,"isJavaContent":false},{"kind":"binary","path":"C:\\Users\\msing137\\.m2\\repository\\org\\springframework\\boot\\spring-boot-test-autoconfigure\\2.1.8.RELEASE\\spring-boot-test-autoconfigure-2.1.8.RELEASE.jar","sourceContainerUrl":"file:/C:/Users/msing137/.m2/repository/org/springframework/boot/spring-boot-test-autoconfigure/2.1.8.RELEASE/spring-boot-test-autoconfigure-2.1.8.RELEASE-sources.jar","javadocContainerUrl":"file:/C:/Users/msing137/.m2/repository/org/springframework/boot/spring-boot-test-autoconfigure/2.1.8.RELEASE/spring-boot-test-autoconfigure-2.1.8.RELEASE-javadoc.jar","isSystem":false,"isOwn":false,"isTest":false,"isJavaContent":false},{"kind":"binary","path":"C:\\Users\\msing137\\.m2\\repository\\com\\jayway\\jsonpath\\json-path\\2.4.0\\json-path-2.4.0.jar","sourceContainerUrl":"file:/C:/Users/msing137/.m2/repository/com/jayway/jsonpath/json-path/2.4.0/json-path-2.4.0-sources.jar","javadocContainerUrl":"file:/C:/Users/msing137/.m2/repository/com/jayway/jsonpath/json-path/2.4.0/json-path-2.4.0-javadoc.jar","isSystem":false,"isOwn":false,"isTest":false,"isJavaContent":false},{"kind":"binary","path":"C:\\Users\\msing137\\.m2\\repository\\net\\minidev\\json-smart\\2.3\\json-smart-2.3.jar","sourceContainerUrl":"file:/C:/Users/msing137/.m2/repository/net/minidev/json-smart/2.3/json-smart-2.3-sources.jar","javadocContainerUrl":"file:/C:/Users/msing137/.m2/repository/net/minidev/json-smart/2.3/json-smart-2.3-javadoc.jar","isSystem":false,"isOwn":false,"isTest":false,"isJavaContent":false},{"kind":"binary","path":"C:\\Users\\msing137\\.m2\\repository\\net\\minidev\\accessors-smart\\1.2\\accessors-smart-1.2.jar","sourceContainerUrl":"file:/C:/Users/msing137/.m2/repository/net/minidev/accessors-smart/1.2/accessors-smart-1.2-sources.jar","javadocContainerUrl":"file:/C:/Users/msing137/.m2/repository/net/minidev/accessors-smart/1.2/accessors-smart-1.2-javadoc.jar","isSystem":false,"isOwn":false,"isTest":false,"isJavaContent":false},{"kind":"binary","path":"C:\\Users\\msing137\\.m2\\repository\\org\\ow2\\asm\\asm\\5.0.4\\asm-5.0.4.jar","sourceContainerUrl":"file:/C:/Users/msing137/.m2/repository/org/ow2/asm/asm/5.0.4/asm-5.0.4-sources.jar","javadocContainerUrl":"file:/C:/Users/msing137/.m2/repository/org/ow2/asm/asm/5.0.4/asm-5.0.4-javadoc.jar","isSystem":false,"isOwn":false,"isTest":false,"isJavaContent":false},{"kind":"binary","path":"C:\\Users\\msing137\\.m2\\repository\\junit\\junit\\4.12\\junit-4.12.jar","sourceContainerUrl":"file:/C:/Users/msing137/.m2/repository/junit/junit/4.12/junit-4.12-sources.jar","javadocContainerUrl":"file:/C:/Users/msing137/.m2/repository/junit/junit/4.12/junit-4.12-javadoc.jar","isSystem":false,"isOwn":false,"isTest":false,"isJavaContent":false},{"kind":"binary","path":"C:\\Users\\msing137\\.m2\\repository\\org\\assertj\\assertj-core\\3.11.1\\assertj-core-3.11.1.jar","sourceContainerUrl":"file:/C:/Users/msing137/.m2/repository/org/assertj/assertj-core/3.11.1/assertj-core-3.11.1-sources.jar","javadocContainerUrl":"file:/C:/Users/msing137/.m2/repository/org/assertj/assertj-core/3.11.1/assertj-core-3.11.1-javadoc.jar","isSystem":false,"isOwn":false,"isTest":false,"isJavaContent":false},{"kind":"binary","path":"C:\\Users\\msing137\\.m2\\repository\\org\\mockito\\mockito-core\\2.23.4\\mockito-core-2.23.4.jar","sourceContainerUrl":"file:/C:/Users/msing137/.m2/repository/org/mockito/mockito-core/2.23.4/mockito-core-2.23.4-sources.jar","javadocContainerUrl":"file:/C:/Users/msing137/.m2/repository/org/mockito/mockito-core/2.23.4/mockito-core-2.23.4-javadoc.jar","isSystem":false,"isOwn":false,"isTest":false,"isJavaContent":false},{"kind":"binary","path":"C:\\Users\\msing137\\.m2\\repository\\net\\bytebuddy\\byte-buddy-agent\\1.9.16\\byte-buddy-agent-1.9.16.jar","sourceContainerUrl":"file:/C:/Users/msing137/.m2/repository/net/bytebuddy/byte-buddy-agent/1.9.16/byte-buddy-agent-1.9.16-sources.jar","javadocContainerUrl":"file:/C:/Users/msing137/.m2/repository/net/bytebuddy/byte-buddy-agent/1.9.16/byte-buddy-agent-1.9.16-javadoc.jar","isSystem":false,"isOwn":false,"isTest":false,"isJavaContent":false},{"kind":"binary","path":"C:\\Users\\msing137\\.m2\\repository\\org\\objenesis\\objenesis\\2.6\\objenesis-2.6.jar","sourceContainerUrl":"file:/C:/Users/msing137/.m2/repository/org/objenesis/objenesis/2.6/objenesis-2.6-sources.jar","javadocContainerUrl":"file:/C:/Users/msing137/.m2/repository/org/objenesis/objenesis/2.6/objenesis-2.6-javadoc.jar","isSystem":false,"isOwn":false,"isTest":false,"isJavaContent":false},{"kind":"binary","path":"C:\\Users\\msing137\\.m2\\repository\\org\\hamcrest\\hamcrest-core\\1.3\\hamcrest-core-1.3.jar","sourceContainerUrl":"file:/C:/Users/msing137/.m2/repository/org/hamcrest/hamcrest-core/1.3/hamcrest-core-1.3-sources.jar","javadocContainerUrl":"file:/C:/Users/msing137/.m2/repository/org/hamcrest/hamcrest-core/1.3/hamcrest-core-1.3-javadoc.jar","isSystem":false,"isOwn":false,"isTest":false,"isJavaContent":false},{"kind":"binary","path":"C:\\Users\\msing137\\.m2\\repository\\org\\hamcrest\\hamcrest-library\\1.3\\hamcrest-library-1.3.jar","sourceContainerUrl":"file:/C:/Users/msing137/.m2/repository/org/hamcrest/hamcrest-library/1.3/hamcrest-library-1.3-sources.jar","javadocContainerUrl":"file:/C:/Users/msing137/.m2/repository/org/hamcrest/hamcrest-library/1.3/hamcrest-library-1.3-javadoc.jar","isSystem":false,"isOwn":false,"isTest":false,"isJavaContent":false},{"kind":"binary","path":"C:\\Users\\msing137\\.m2\\repository\\org\\skyscreamer\\jsonassert\\1.5.0\\jsonassert-1.5.0.jar","sourceContainerUrl":"file:/C:/Users/msing137/.m2/repository/org/skyscreamer/jsonassert/1.5.0/jsonassert-1.5.0-sources.jar","javadocContainerUrl":"file:/C:/Users/msing137/.m2/repository/org/skyscreamer/jsonassert/1.5.0/jsonassert-1.5.0-javadoc.jar","isSystem":false,"isOwn":false,"isTest":false,"isJavaContent":false},{"kind":"binary","path":"C:\\Users\\msing137\\.m2\\repository\\com\\vaadin\\external\\google\\android-json\\0.0.20131108.vaadin1\\android-json-0.0.20131108.vaadin1.jar","sourceContainerUrl":"file:/C:/Users/msing137/.m2/repository/com/vaadin/external/google/android-json/0.0.20131108.vaadin1/android-json-0.0.20131108.vaadin1-sources.jar","javadocContainerUrl":"file:/C:/Users/msing137/.m2/repository/com/vaadin/external/google/android-json/0.0.20131108.vaadin1/android-json-0.0.20131108.vaadin1-javadoc.jar","isSystem":false,"isOwn":false,"isTest":false,"isJavaContent":false},{"kind":"binary","path":"C:\\Users\\msing137\\.m2\\repository\\org\\springframework\\spring-core\\5.1.9.RELEASE\\spring-core-5.1.9.RELEASE.jar","sourceContainerUrl":"file:/C:/Users/msing137/.m2/repository/org/springframework/spring-core/5.1.9.RELEASE/spring-core-5.1.9.RELEASE-sources.jar","javadocContainerUrl":"file:/C:/Users/msing137/.m2/repository/org/springframework/spring-core/5.1.9.RELEASE/spring-core-5.1.9.RELEASE-javadoc.jar","isSystem":false,"isOwn":false,"isTest":false,"isJavaContent":false},{"kind":"binary","path":"C:\\Users\\msing137\\.m2\\repository\\org\\springframework\\spring-jcl\\5.1.9.RELEASE\\spring-jcl-5.1.9.RELEASE.jar","sourceContainerUrl":"file:/C:/Users/msing137/.m2/repository/org/springframework/spring-jcl/5.1.9.RELEASE/spring-jcl-5.1.9.RELEASE-sources.jar","javadocContainerUrl":"file:/C:/Users/msing137/.m2/repository/org/springframework/spring-jcl/5.1.9.RELEASE/spring-jcl-5.1.9.RELEASE-javadoc.jar","isSystem":false,"isOwn":false,"isTest":false,"isJavaContent":false},{"kind":"binary","path":"C:\\Users\\msing137\\.m2\\repository\\org\\springframework\\spring-test\\5.1.9.RELEASE\\spring-test-5.1.9.RELEASE.jar","sourceContainerUrl":"file:/C:/Users/msing137/.m2/repository/org/springframework/spring-test/5.1.9.RELEASE/spring-test-5.1.9.RELEASE-sources.jar","javadocContainerUrl":"file:/C:/Users/msing137/.m2/repository/org/springframework/spring-test/5.1.9.RELEASE/spring-test-5.1.9.RELEASE-javadoc.jar","isSystem":false,"isOwn":false,"isTest":false,"isJavaContent":false},{"kind":"binary","path":"C:\\Users\\msing137\\.m2\\repository\\org\\xmlunit\\xmlunit-core\\2.6.3\\xmlunit-core-2.6.3.jar","sourceContainerUrl":"file:/C:/Users/msing137/.m2/repository/org/xmlunit/xmlunit-core/2.6.3/xmlunit-core-2.6.3-sources.jar","javadocContainerUrl":"file:/C:/Users/msing137/.m2/repository/org/xmlunit/xmlunit-core/2.6.3/xmlunit-core-2.6.3-javadoc.jar","isSystem":false,"isOwn":false,"isTest":false,"isJavaContent":false},{"kind":"binary","path":"C:\\Users\\msing137\\.m2\\repository\\com\\h2database\\h2\\1.4.193\\h2-1.4.193.jar","sourceContainerUrl":"file:/C:/Users/msing137/.m2/repository/com/h2database/h2/1.4.193/h2-1.4.193-sources.jar","javadocContainerUrl":"file:/C:/Users/msing137/.m2/repository/com/h2database/h2/1.4.193/h2-1.4.193-javadoc.jar","isSystem":false,"isOwn":false,"isTest":false,"isJavaContent":false},{"kind":"source","path":"C:\\Users\\msing137\\Mandeep\\SpringBoot\\E-Wallet\\src\\main\\java","outputFolder":"C:\\Users\\msing137\\Mandeep\\SpringBoot\\E-Wallet\\target\\classes","javadocContainerUrl":"file:/C:/Users/msing137/Mandeep/SpringBoot/E-Wallet/target/site/apidocs","isSystem":false,"isOwn":true,"isTest":false,"isJavaContent":true},{"kind":"source","path":"C:\\Users\\msing137\\Mandeep\\SpringBoot\\E-Wallet\\src\\test\\java","outputFolder":"C:\\Users\\msing137\\Mandeep\\SpringBoot\\E-Wallet\\target\\test-classes","javadocContainerUrl":"file:/C:/Users/msing137/Mandeep/SpringBoot/E-Wallet/target/site/apidocs","isSystem":false,"isOwn":true,"isTest":true,"isJavaContent":true},{"kind":"source","path":"C:\\Users\\msing137\\Mandeep\\SpringBoot\\E-Wallet\\src\\main\\resources","outputFolder":"C:\\Users\\msing137\\Mandeep\\SpringBoot\\E-Wallet\\target\\classes","isSystem":false,"isOwn":true,"isTest":false,"isJavaContent":false},{"kind":"source","path":"C:\\Users\\msing137\\Mandeep\\SpringBoot\\E-Wallet\\src\\test\\resources","outputFolder":"C:\\Users\\msing137\\Mandeep\\SpringBoot\\E-Wallet\\target\\test-classes","isSystem":false,"isOwn":true,"isTest":true,"isJavaContent":false},{"kind":"source","path":"C:\\Users\\msing137\\Mandeep\\SpringBoot\\E-Wallet\\src\\test\\java","outputFolder":"C:\\Users\\msing137\\Mandeep\\SpringBoot\\E-Wallet\\target\\test-classes","javadocContainerUrl":"file:/C:/Users/msing137/Mandeep/SpringBoot/E-Wallet/target/site/apidocs","isSystem":false,"isOwn":true,"isTest":false,"isJavaContent":false}]}